{"fromBlock":6017084,"toBlock":6045013,"USDT":2826.861158656756,"BUSD":2495.1841569847834}