{"fromBlock":7468195,"toBlock":7499342,"BTCB":0.001416909181984526,"BUSD":72.18853189199321,"DOT":0,"XRP":0.19502026186391935,"ETH":0.014439686478955589}